tweetText,tweetCreated,userLocation,Coordinates,TweetPlace
"This is not a poll. It’s #Newspoll.

It’s what #Murdoch wants you to believe.

#auspol #MurdochRoyalCommission https://t.co/Bug26We3Om",2021-04-26 10:15:44,"Mudjimba, Qld, Australia",[153.07415686 -26.6064825 ],"Sunshine Coast, Queensland"
"It’s utter bullshit PVO, we’re talking about a poll done by his media team, your ‘media’ @newscorpaus is who put ou… https://t.co/Wh1sT1f9Or",2021-04-26 09:41:54,"Melbourne, Australia",[145.05313534 -37.97256651],"Melbourne, Victoria"
"#Newspoll is a load of bollocks, it’s laughable to think that this poll thinks it’s relevant, @newscorpaus run it t… https://t.co/BioE2HvFSg",2021-04-26 06:09:58,"Melbourne, Australia",[145.05313534 -37.97256651],"Melbourne, Victoria"
1. #ScoMo is extremely unpopular..only on Twitter it seems. 2. ALP holds edge in 2-Party preferred &amp; would prob do… https://t.co/0ablt5FI80,2021-04-26 01:46:06,"Brisbane, Australia",[145.77406433 -19.16003684],"Queensland, Australia"
"I called it over a week ago where #newspoll would be tonight. 

Marketing boy just did 10 days of a mini election a… https://t.co/2ot6a2LZKR",2021-04-25 12:11:13,"Adelaide, South Australia",[138.61115987 -35.00076706],"Adelaide, South Australia"
@MikeCarlton01 #ScoMo looks like 'The Mad Professor' (minus the labcoat) wringing his hands in anticipation of what… https://t.co/TqUtwsi5lw,2021-05-02 01:41:01,somewhere in Arnhemland,[130.93330842 -12.42590065],"Darwin, Northern Territory"
@HalloranMackie @JohnRHewson Exactly Mackie - utter disregard for The #AustralianPeople - a travesty. We are NOT in… https://t.co/B2JsbXZjv1,2021-05-02 00:16:14,somewhere in Arnhemland,[130.93330842 -12.42590065],"Darwin, Northern Territory"
@ScottMorrisonMP Empathy Coaches obviously failed to teach him about Consent! #ScoMo #ScoMoses #ScottyFromHillsong… https://t.co/Tm5RgOREzp,2021-05-01 06:37:31,"Sydney, Australia",[150.9319748 -33.848244 ],"Sydney, New South Wales"
"@RealSlgr No! Our port has NOT been sold to China, it's been LEASED by Liberal-Country Party at the time &amp; when Sco… https://t.co/PUSaWpdZcy",2021-04-28 11:17:51,somewhere in Arnhemland,[130.93330842 -12.42590065],"Darwin, Northern Territory"
@toninicho No. We need proper quarantine.  Current plans just prop up Hotel Chains. We need proper quarantine for… https://t.co/lY1wssH97U,2021-04-26 06:01:16,"Adelaide, South Australia",[138.61115987 -35.00076706],"Adelaide, South Australia"
1. #ScoMo is extremely unpopular..only on Twitter it seems. 2. ALP holds edge in 2-Party preferred &amp; would prob do… https://t.co/0ablt5FI80,2021-04-26 01:46:06,"Brisbane, Australia",[145.77406433 -19.16003684],"Queensland, Australia"
"@PeterWMurphy1 It's #cringeworthy - &amp; incredibly ironic, given the #ANZAC campaign in #WWI was when we first fought… https://t.co/GdahJH97e8",2021-04-25 12:22:18,somewhere in Arnhemland,[130.93330842 -12.42590065],"Darwin, Northern Territory"
@rosygonsalves74 doesn't find many policiticans inspiring but is inspired by @LindaBurneyMP and @MehreenFaruqi… https://t.co/l3ut2cZ5Bu,2021-05-02 04:47:56,Awabakal Land (Tronno),[150.9319748 -33.848244 ],"Sydney, New South Wales"
@mattallen It’s the same reason we need to get all our #startupaus thinking SDGs?! There’s so much more scary sh!t… https://t.co/oG80mLom65,2021-05-01 09:50:33,"Melbourne, Australia",[145.05313534 -37.97256651],"Melbourne, Victoria"
@newscomauHQ They say believe in the science of #ClimateChange why not the science of #gender #UK #London #England,2021-04-30 06:31:42,Perth WA ,[150.05434676 -32.83103996],"New South Wales, Australia"
"Shout out to all the asthmatics dealing with another day of backburning in Sydney. As a mild asthmatic, the fact I… https://t.co/HU7LFWX4Mk",2021-04-29 22:15:25,"Sydney, Australia",[150.9319748 -33.848244 ],"Sydney, New South Wales"
"This butterfly has a 94% chance of extinction within 20 years. 

In fact, it could already be #extinct. This is the… https://t.co/WpN446lZ6t",2021-04-28 10:40:00,Australia,[138.61115987 -35.00076706],"Adelaide, South Australia"
BLUE Abstract Roses | Fabric Art | Recycled Fabric | Sustainable Art by Leah Justyce #zerowaste #ecofriendly… https://t.co/epqmZ9TWSf,2021-04-28 00:58:35,,[143.85274083 -37.56745214],"Ballarat, Victoria"
"Australia and Germany are working together on #hydrogen supply chains.

Thank you @GermanyInOz for a great discussi… https://t.co/oi29Zp4Pvu",2021-04-27 08:18:38,Australia,[149.11236227 -35.30787699],Embassy of the Federal Republic of Germany
"If u want us to get serious about #climatechange, show me the money. We’ve all got dirt that struggles to return an… https://t.co/7bl7dLOGWo",2021-04-26 07:53:48,Borden Western Australia,[118.39296258 -34.03236749],"Toompup, Western Australia"
"#Morrison #AUS Shame,Shame,Shame.Australians stranded overseas in thousands. Our government don't give a dam about… https://t.co/NUJsQZ9SYp",2021-05-02 03:28:51,,[115.92831869 -32.15010042],"Perth, Western Australia"
Sometimes I feel sorry for #PM #Morrison. He got in the #saddle thinking he'd have a #freeRide in #Govt; allocating… https://t.co/jyvhPTvpg8,2021-05-02 00:07:41,somewhere in Arnhemland,[130.93330842 -12.42590065],"Darwin, Northern Territory"
"#Morrison's #ACC speech decries ‘identity politics’ but ""enjoins his fellow #Pentecostalists to form (church) commu… https://t.co/2f3hvYdnY8",2021-05-01 23:32:38,"West End, Brisbane #4101",[152.99319654 -27.38214299],"Brisbane, Queensland"
Jennifer Hewett doesn't get #QUARANTINE is the responsibility of Federal govt. #Morrison duckshoved it onto the sta… https://t.co/lUlVpTWj4O,2021-05-01 23:26:38,Gold Coast,[153.36936147 -27.95422176],"Gold Coast, Queensland"
"If #Morrison truly thinks he's doing God's work then God needs a new recruiter.

#auspol",2021-04-30 02:14:41,,[145.05313534 -37.97256651],"Melbourne, Victoria"
@AmyRemeikis He can't afford an exorbitant airfare even if he cld get a flight home. His health would not allow him… https://t.co/2SIn8XB8YO,2021-04-27 04:13:53,Gold Coast,[153.36936147 -27.95422176],"Gold Coast, Queensland"
@7NewsSydney @ChrisReason7 And what about the #HOMELESS PEOPLE IN #QLD could you fund #housingmarket #housing too?… https://t.co/imz9uq1otr,2021-04-26 08:27:39,Melbourne,[145.05313534 -37.97256651],"Melbourne, Victoria"
