tweetText,tweetCreated,userLocation,Coordinates,TweetPlace
"#Morrison #AUS Shame,Shame,Shame.Australians stranded overseas in thousands. Our government don't give a dam about… https://t.co/NUJsQZ9SYp",2021-05-02 03:28:51,,[115.92831869 -32.15010042],"Perth, Western Australia"
Sometimes I feel sorry for #PM #Morrison. He got in the #saddle thinking he'd have a #freeRide in #Govt; allocating… https://t.co/jyvhPTvpg8,2021-05-02 00:07:41,somewhere in Arnhemland,[130.93330842 -12.42590065],"Darwin, Northern Territory"
"#Morrison's #ACC speech decries ‘identity politics’ but ""enjoins his fellow #Pentecostalists to form (church) commu… https://t.co/2f3hvYdnY8",2021-05-01 23:32:38,"West End, Brisbane #4101",[152.99319654 -27.38214299],"Brisbane, Queensland"
Jennifer Hewett doesn't get #QUARANTINE is the responsibility of Federal govt. #Morrison duckshoved it onto the sta… https://t.co/lUlVpTWj4O,2021-05-01 23:26:38,Gold Coast,[153.36936147 -27.95422176],"Gold Coast, Queensland"
"If #Morrison truly thinks he's doing God's work then God needs a new recruiter.

#auspol",2021-04-30 02:14:41,,[145.05313534 -37.97256651],"Melbourne, Victoria"
@AmyRemeikis He can't afford an exorbitant airfare even if he cld get a flight home. His health would not allow him… https://t.co/2SIn8XB8YO,2021-04-27 04:13:53,Gold Coast,[153.36936147 -27.95422176],"Gold Coast, Queensland"
@7NewsSydney @ChrisReason7 And what about the #HOMELESS PEOPLE IN #QLD could you fund #housingmarket #housing too?… https://t.co/imz9uq1otr,2021-04-26 08:27:39,Melbourne,[145.05313534 -37.97256651],"Melbourne, Victoria"
"I think McGowan is folding to public pressure on lockdowns and the intrusion , Libs are behind the massive scale so… https://t.co/Qi38qQYsBY",2021-05-02 09:46:04,"Perth, Western Australia",[115.92831869 -32.15010042],"Perth, Western Australia"
"Early figures show #Greens got a small %age increase &amp; swing against #Labor which apparently split between Greens,… https://t.co/QBxbXCvZOv",2021-05-01 23:15:04,Sydney,[150.9319748 -33.848244 ],"Sydney, New South Wales"
@JayStill4 I think they have a majority.#Labor,2021-04-30 12:35:49,East of West,[150.9319748 -33.848244 ],"Sydney, New South Wales"
"@DarylTractor @JaeRagnarok @DanielAndrewsMP &amp; the #labor state premiers did nothing?
#bullshit",2021-04-30 08:07:26,Adelaide Australia,[138.61115987 -35.00076706],"Adelaide, South Australia"
@OurNewHomecoach Local govt  is a rule unto itself. We all know that.There are always outliers. Greens ran a very d… https://t.co/7Yxvu1e9ri,2021-04-29 11:36:17,Gold Coast,[153.36936147 -27.95422176],"Gold Coast, Queensland"
I've been following your recent tweets and RTs @victorklineTNL. Regarding #Labor preferences I think you are stirri… https://t.co/57oG0W4W29,2021-04-29 10:59:40,Gold Coast,[153.36936147 -27.95422176],"Gold Coast, Queensland"
Another #fail from from this useless #RWNJ #Liberal #Nationals government:  If you search for #COVID19 #vaccine sit… https://t.co/y0KbXWayTH,2021-04-29 04:17:57,"Central Tablelands, NSW",[149.12978253 -35.31397979],"Canberra, Australian Capital Territory"
"The lessons of the Vietnam War demos are clear. March. Every month. In every capital. 
#EnoughIsEnough 
#ItsTime… https://t.co/ZxXiZV4bPT",2021-05-02 00:24:36,Melbourne,[145.05313534 -37.97256651],"Melbourne, Victoria"
"And how did #Deakins @MichaelSukkarMP vote? Opposed the banking RC. 
#auspol 
#LNPfail 
#AlboForPM https://t.co/lyrYqvQwvT",2021-04-30 19:12:45,Melbourne,[145.05313534 -37.97256651],"Melbourne, Victoria"
Sky News fukwit Andrew Bolt has declared he is “ashamed of Australia” over the threat of jail terms for Indian-Aust… https://t.co/A5FRWtRwnH,2021-05-03 05:23:29,brisbane,[152.99319654 -27.38214299],"Brisbane, Queensland"
"Yes, LOTS of ‘friendly fire’ on this one. #auspol https://t.co/HDasigOUh8",2021-05-03 04:47:01,Melbourne,[145.05313534 -37.97256651],"Melbourne, Victoria"
@RichardfromSyd1 @cheryl_kernot @barriecassidy @Paul_Karp Unbelievable how this government and its health advisors… https://t.co/WI52Fa3jR9,2021-05-03 04:29:19,Paris via Sydney-London,[150.9319748 -33.848244 ],"Sydney, New South Wales"
This is light years ahead of any discussions relating to urban and social mobility that we hear from the Australian… https://t.co/CBCjqReuLn,2021-05-03 03:59:18,"Bentleigh East, Melbourne",[145.05313534 -37.97256651],"Melbourne, Victoria"
There doesn’t seem to be a difference between @AustralianLabor and @LiberalAus @The_Nationals #LNP which is why the… https://t.co/GkF6cMpUTu,2021-05-03 03:58:58,"Brisbane, Australia",[152.99319654 -27.38214299],"Brisbane, Queensland"
@gemcarey @Forthleft3 Morrison didn't realise that he just made it political and ideological. The public is taken a… https://t.co/3q870i537H,2021-05-03 03:58:07,Paris via Sydney-London,[150.9319748 -33.848244 ],"Sydney, New South Wales"
@20thCenturyDan Nothing but spouted platitudes from @ScottMorrisonMP the Pentecostal preacher exteaordinaire. At le… https://t.co/XWXHUrCLKc,2021-05-03 03:54:20,Paris via Sydney-London,[150.9319748 -33.848244 ],"Sydney, New South Wales"
"@denhamsadler @Forthleft3 Is Linda Reynolds still a functioning member of the human race? ""Leben unwürdig des Leben… https://t.co/49bs3j4VlX",2021-05-03 03:49:28,Paris via Sydney-London,[150.9319748 -33.848244 ],"Sydney, New South Wales"
"Dear Joshie and #Smirko. This is a taste of what women want from the budget! 
Signed 
A woman...one who votes...… https://t.co/0XHW0nLEZQ",2021-05-03 03:42:49,Gold Coast,[153.36936147 -27.95422176],"Gold Coast, Queensland"
Why is @ScottMorrisonMP using @OneNationAus to hide behind his and @LNPQLD racist worldview? #auspol… https://t.co/oaeXC1BSnQ,2021-05-03 03:35:22,"Brisbane, Australia",[152.99319654 -27.38214299],"Brisbane, Queensland"
@SkyNewsAust @SenatorHume Let's all blame the Labor party because they're responsible for invoking the Biosecurity… https://t.co/dQfDP5pxOL,2021-05-03 03:29:27,Paris via Sydney-London,[150.9319748 -33.848244 ],"Sydney, New South Wales"
#MayDay #AEUNT GreT turnout for MayDay in Darwin - AEUNT members fighting for better conditions &amp; #NoPayFreezeNT… https://t.co/fNprE6oXor,2021-05-03 03:09:22,Darwin Australia,[130.93330842 -12.42590065],"Darwin, Northern Territory"
#auspol #strandedaussies yep satire not satire https://t.co/xIxYafMn9Y,2021-05-03 03:05:34,"Sydney, New South Wales",[150.9319748 -33.848244 ],"Sydney, New South Wales"
"Happy Labour Day.

Celebrating all the achievements of workers in our State and fighting back against any attacks o… https://t.co/pZPNYchKqJ",2021-05-03 03:03:47,"Brisbane, Queensland",[152.99319654 -27.38214299],"Brisbane, Queensland"
@hughriminton It falls flat coming from a man like Bolt who is the quintessential representation of racism. Very di… https://t.co/WuC99czt4b,2021-05-03 02:49:23,Paris via Sydney-London,[150.9319748 -33.848244 ],"Sydney, New South Wales"
https://t.co/NTKa7WksIA troops out media out sanctions on those who supply weapons to #Terrorists groups in… https://t.co/eAIWgVbjKU,2021-05-03 02:48:27,Perth WA ,[150.05434676 -32.83103996],"New South Wales, Australia"
"#LiarFromTheShire: We are following ""health advice"" by imposing a ban on return flights from India and the tough me… https://t.co/L7ncB3HAkH",2021-05-03 02:24:16,"Mudjimba, Qld, Australia",[153.07415686 -26.6064825 ],"Sunshine Coast, Queensland"
The Port of Melbourne was sold to a consortium backed by China in 2016. #auspol,2021-05-03 01:56:21,"Australia, Follow ≠ Endorsment",[152.99319654 -27.38214299],"Brisbane, Queensland"
Criminalising Australians to return home is unAustralian. #auspol,2021-05-03 01:54:14,Australia,[115.92831869 -32.15010042],"Perth, Western Australia"
Concise article about the #LiarFromTheShire &amp; very worrying for those that embrace civil &amp; human rights: Scotty fro… https://t.co/l99eVXe2ea,2021-05-03 01:48:22,"Queensland, Australia",[151.86541454 -26.31508578],"Wondai, Queensland"
"Where would they stay, you ask? Check the half-empty backpacker joints or unis - #subsidised #accommodation at the… https://t.co/P8sgjHXgqf",2021-05-03 01:38:06,somewhere in Arnhemland,[130.93330842 -12.42590065],"Darwin, Northern Territory"
Significant Heavy Lifting will be needed to  support workers in communities like the #LatrobeValley &amp; #HunterValley… https://t.co/vsL3YBCMZ9,2021-05-03 01:26:18,"Latrobe Valley, Gippsland, Mel",[146.42017059 -38.23085203],"Morwell, Victoria"
"@drlouisehansen Hi Girls, thank you for offering asylum to Australians. I wish our Government was as generous.… https://t.co/2BTvOFucb7",2021-05-03 00:59:40,,[145.05313534 -37.97256651],"Melbourne, Victoria"
@SkyNewsAust @D_LittleproudMP MR @D_LittleproudMP bring water under federal government control too much of it's und… https://t.co/ANVWrlH7jm,2021-05-03 00:57:21,Perth WA ,[150.05434676 -32.83103996],"New South Wales, Australia"
If only someone had warned us against the sort of Identity Politics that leaves our citizens stranded in India for… https://t.co/EBnR4E15gy,2021-05-03 00:42:23,Australian Capital Territory,[150.9319748 -33.848244 ],"Sydney, New South Wales"
If Scotty the fucknuckle wins the election and the Rona is finally under control Scotty can implement his delayed w… https://t.co/KD0RURrHna,2021-05-03 00:41:32,brisbane,[152.99319654 -27.38214299],"Brisbane, Queensland"
Why on 2GB? FFS.. Isn't that like being interviewed by Skynews nutjobs?    #auspol https://t.co/2vOAy1gZwQ,2021-05-03 00:30:45,brisbane,[152.99319654 -27.38214299],"Brisbane, Queensland"
"Can someone please remind Matt he is part of the Commonwealth Government of Australia. 

His Gov, his party, his vo… https://t.co/tTcD2aMYsr",2021-05-03 00:19:50,"Adelaide, South Australia",[138.61115987 -35.00076706],"Adelaide, South Australia"
I’m an everyday Australian @PeterDutton_MP doesn’t speak for me #auspol https://t.co/M15E0U0JyD,2021-05-03 00:11:14,"Brisbane, Australia",[152.99319654 -27.38214299],"Brisbane, Queensland"
"Whether it’s legal or not is one question. 
Whether it’s moral is another and better question. 
And the other quest… https://t.co/lsV2SlCz8d",2021-05-02 23:53:01,Sydney,[150.9319748 -33.848244 ],"Sydney, New South Wales"
@QSArchives And if the current Federal government has it way by the end of  this decade they'll be forced to work 1… https://t.co/NMzMZfuYhC,2021-05-02 23:47:28,"Brisbane, AU",[152.99319654 -27.38214299],"Brisbane, Queensland"
@AEUNT 2021 Conference in Alice Springs. Our theme: Bargaining to Win. Delegates unanimously rejected the Gunner Go… https://t.co/VmgkXR8QHy,2021-05-02 23:46:58,Darwin Australia,[130.93330842 -12.42590065],"Darwin, Northern Territory"
"@MichaelPascoe01 @Daemonised The average Aussie is a below average intelligence twit, this is why LNP continue to b… https://t.co/X65CP2wIAy",2021-05-02 23:31:39,"Melbourne, Australia",[145.05313534 -37.97256651],"Melbourne, Victoria"
"#LiarFromTheShire lives up to his name
#auspol #nswpol #LNPCrimeFamily #India #COVID19Aus https://t.co/NmcJFxgZoF",2021-05-02 23:28:30,"Hell,Hades,Mictlan,Tartarus",[150.9319748 -33.848244 ],"Sydney, New South Wales"
"Really?  Our generation were brought up on crown and empire, heroising brutality etc. And we were the marching, sho… https://t.co/WrwsS067yP",2021-05-02 23:16:06,,[152.99319654 -27.38214299],"Brisbane, Queensland"
"It’s racism, the reason people coming from India have been banned, when USA &amp; European countries had no such bans i… https://t.co/10UerQlKpB",2021-05-02 23:07:16,"Melbourne, Australia",[145.05313534 -37.97256651],"Melbourne, Victoria"
An Australian is an Australian is an Australian.  They are not criminals. Bring #Aussies home from India. #Australia #auspol,2021-05-02 23:03:15,Wurundjeri land (Melbourne),[145.05313534 -37.97256651],"Melbourne, Victoria"
#AusPol The dullards @PeterDutton_MP and @ScottMorrisonMP should not presume too much what #EverydayAustralians bel… https://t.co/LJyJbbJbO9,2021-05-02 22:58:42,Sol-3 [Down Under],[150.9319748 -33.848244 ],"Sydney, New South Wales"
I was curiously reading the Dress and Conduct in the Chamber page and came across this... does anyone have any answ… https://t.co/hYWfqhcyax,2021-05-02 22:57:27,"Melbourne, Victoria",[145.05313534 -37.97256651],"Melbourne, Victoria"
@DeborahAnnG This Federal Govt urgently needs to create a new Cabinet position: Minister to Oversee Announcements.… https://t.co/JcTh7inz2C,2021-05-02 22:48:48,"Perth, Western Australia",[115.92831869 -32.15010042],"Perth, Western Australia"
Will we be back in black? I have a couple of hundred coffee mugs and t-shirts to get rid of soon. Why the 14 month… https://t.co/9lCWGMUFDD,2021-05-02 22:48:48,Melbourne,[145.05313534 -37.97256651],"Melbourne, Victoria"
@rosygonsalves74 doesn't find many policiticans inspiring but is inspired by @LindaBurneyMP and @MehreenFaruqi… https://t.co/l3ut2cZ5Bu,2021-05-02 04:47:56,Awabakal Land (Tronno),[150.9319748 -33.848244 ],"Sydney, New South Wales"
@mattallen It’s the same reason we need to get all our #startupaus thinking SDGs?! There’s so much more scary sh!t… https://t.co/oG80mLom65,2021-05-01 09:50:33,"Melbourne, Australia",[145.05313534 -37.97256651],"Melbourne, Victoria"
@newscomauHQ They say believe in the science of #ClimateChange why not the science of #gender #UK #London #England,2021-04-30 06:31:42,Perth WA ,[150.05434676 -32.83103996],"New South Wales, Australia"
"Shout out to all the asthmatics dealing with another day of backburning in Sydney. As a mild asthmatic, the fact I… https://t.co/HU7LFWX4Mk",2021-04-29 22:15:25,"Sydney, Australia",[150.9319748 -33.848244 ],"Sydney, New South Wales"
"This butterfly has a 94% chance of extinction within 20 years. 

In fact, it could already be #extinct. This is the… https://t.co/WpN446lZ6t",2021-04-28 10:40:00,Australia,[138.61115987 -35.00076706],"Adelaide, South Australia"
BLUE Abstract Roses | Fabric Art | Recycled Fabric | Sustainable Art by Leah Justyce #zerowaste #ecofriendly… https://t.co/epqmZ9TWSf,2021-04-28 00:58:35,,[143.85274083 -37.56745214],"Ballarat, Victoria"
"Australia and Germany are working together on #hydrogen supply chains.

Thank you @GermanyInOz for a great discussi… https://t.co/oi29Zp4Pvu",2021-04-27 08:18:38,Australia,[149.11236227 -35.30787699],Embassy of the Federal Republic of Germany
"If u want us to get serious about #climatechange, show me the money. We’ve all got dirt that struggles to return an… https://t.co/7bl7dLOGWo",2021-04-26 07:53:48,Borden Western Australia,[118.39296258 -34.03236749],"Toompup, Western Australia"
#ScottyTheSaviour thinks god wants him to win the Nobel Prize for being #ScottyDoesNothing . It would be a miracle… https://t.co/AO1eionsrH,2021-05-02 11:16:25,Tumbi Umbi Australia,[151.44249824 -33.34664699],"Central Coast, New South Wales"
"@MichaelPascoe01 But it isn't.

#Shame on #ScottyDoesNothing",2021-05-02 09:17:21,Australia,[127.6726105 -18.2252585],"Halls Creek, Western Australia"
#ScottyDoesNothing has a very poor memory https://t.co/zml0hLHIg6,2021-05-02 08:02:56,Australia,[145.46918049 -36.56980755],"Victoria, Australia"
Oooh look over there - #ScottyDoesNothing announces a big child care tax cut in the upcoming budget. Distraction is… https://t.co/EELyYxECRw,2021-05-01 22:06:25,Australia,[145.46918049 -36.56980755],"Victoria, Australia"
Too right @AlboMP yet #ScottyDoesNothing &amp; #fraudenberg openly laugh &amp; ridicule states when they put forward Howard… https://t.co/l6PFmEVwL3,2021-05-01 22:03:58,Australia,[145.46918049 -36.56980755],"Victoria, Australia"
Its all about politics to #ScottyDoesNothing . It also says something about the Values of those Australians who vot… https://t.co/oPPqXDyk8F,2021-05-01 20:47:14,Tumbi Umbi Australia,[151.44249824 -33.34664699],"Central Coast, New South Wales"
"@timsout @MarjorieGarante This is worse than I even thought the #LNPToxicCulture could go.

We must be able to crea… https://t.co/6NbGLNr4Fq",2021-05-01 09:11:17,Australia,[123.66596288 -17.33032454],"Derby, Western Australia"
#ScottyTheChosenOne #ScottyFromPhotoOps #ScottyDoesNothing #ScottyFromGilead #nswpol #auspol #LNPCrimeFamily… https://t.co/W1zyjgGXTl,2021-05-01 07:04:59,"Hell,Hades,Mictlan,Tartarus",[150.9319748 -33.848244 ],"Sydney, New South Wales"
"Obvious Dutton is gunning for Morrison’s job, #ScottyFromPhotoOps does nothing but smile for the camera, Dutton is already leader #libspill",2021-05-03 04:35:15,"Melbourne, Australia",[145.05313534 -37.97256651],"Melbourne, Victoria"
No wonder #ScottyFromPhotoOps hates Twitter. There’s too many super smart people here who use critical thinking https://t.co/NMJYnF3yEb,2021-05-02 23:19:23,"Sydney, New South Wales",[150.9319748 -33.848244 ],"Sydney, New South Wales"
#ScottyFromPhotoOps couldn't organise a chook raffle. https://t.co/8Mv9kP2xaX,2021-05-02 07:54:37,NSW Far North Coast,[147.37352182 -42.83474908],"Hobart, Tasmania"
@JohnRHewson What sort of award will #ScottyFromPhotoOps give himself,2021-05-01 22:37:04,Australia,[123.66596288 -17.33032454],"Derby, Western Australia"
#ScottyTheChosenOne #ScottyFromPhotoOps #ScottyDoesNothing #ScottyFromGilead #nswpol #auspol #LNPCrimeFamily… https://t.co/W1zyjgGXTl,2021-05-01 07:04:59,"Hell,Hades,Mictlan,Tartarus",[150.9319748 -33.848244 ],"Sydney, New South Wales"
@ScottMorrisonMP Empathy Coaches obviously failed to teach him about Consent! #ScoMo #ScoMoses #ScottyFromHillsong… https://t.co/Tm5RgOREzp,2021-05-01 06:37:31,"Sydney, Australia",[150.9319748 -33.848244 ],"Sydney, New South Wales"
"@joshwrigley @AlboMP ""IF""! and thereby hangs a tale... #ScottyFromMarketing",2021-05-02 05:42:19,"Helensvale, Gold Coast. Qld.",[153.36936147 -27.95422176],"Gold Coast, Queensland"
"@AlboMP @KKeneally Expecting a bit much from Scotty, that would require ACTION!  An unreasonable expectation. #ScottyFromMarketing",2021-05-02 05:39:33,"Helensvale, Gold Coast. Qld.",[153.36936147 -27.95422176],"Gold Coast, Queensland"
"@anoman64 @KarenMMiddleton Abbott was inept. 
He was a bungler, while trying to be a statesman.… https://t.co/zDkJMk06Id",2021-05-01 16:03:30,Bolwarra,[151.58967032 -32.74788   ],"Maitland (NSW), New South Wales"
"@mormorlady @LesStonehouse Maybe this is the problem with the #LNP ?
They're all taking they're que from… https://t.co/VB2XxgKHfR",2021-05-01 15:39:53,Bolwarra,[151.58967032 -32.74788   ],"Maitland (NSW), New South Wales"
@ScottMorrisonMP Empathy Coaches obviously failed to teach him about Consent! #ScoMo #ScoMoses #ScottyFromHillsong… https://t.co/Tm5RgOREzp,2021-05-01 06:37:31,"Sydney, Australia",[150.9319748 -33.848244 ],"Sydney, New South Wales"
"Embracing being a foot soldier of patriarchy never pays off, despite all the best efforts in the world, this deeply… https://t.co/Ixof37PkcR",2021-05-01 03:41:32,Wurundjeri Land,[145.05313534 -37.97256651],"Melbourne, Victoria"
"Brittany Higgins meets Scott Morrison, says he agreed system let her down over rape allegation.  

The trouble is,… https://t.co/uhzsci41Vs",2021-05-01 00:14:51,Wurundjeri Land,[145.05313534 -37.97256651],"Melbourne, Victoria"
#ScottyFromMarketing in action.  #auspol https://t.co/cfy2KJlZOE,2021-05-01 00:08:59,Wurundjeri Land,[145.05313534 -37.97256651],"Melbourne, Victoria"
ICYMI our new video with tips for answering those annoying things your disengaged from politics mates or Lib mates… https://t.co/sgdWjwNQyu,2021-04-30 21:58:43,"Sydney, New South Wales",[150.9319748 -33.848244 ],"Sydney, New South Wales"
"So if you had any doubts that #ScottyFromMarketing's ""government"" was racist, here they are confirming it (once aga… https://t.co/dacXG1e5I0",2021-04-30 13:54:05,Melbourne,[145.05313534 -37.97256651],"Melbourne, Victoria"
Wouldn't be me standing within spitting distance of either Laming or #ScottyFromMarketing https://t.co/0ux1KBOt62,2021-04-30 12:21:37,"Queanbeyan, New South Wales",[149.12978253 -35.31397979],"Canberra, Australian Capital Territory"
"So well put...not even #ScottyFromMarketing could say it with such honesty and accuracy!
👇 https://t.co/RYF6oC0SPk",2021-04-30 10:46:10,"Melbourne, Victoria",[145.05313534 -37.97256651],"Melbourne, Victoria"
It must be painfully awkward supporting the same team as #ScottyFromMarketing .. Respect right there Paula... Go So… https://t.co/fTsbxSSh2p,2021-04-30 09:41:27,NSW Sth Coast & West Sumbawa ,[150.593866   -34.87720123],"Nowra - Bomaderry, New South Wales"
Nothing good ever comes from a “frank and robust discussion.” #auspol #ScottyFromDamageControl #ScottyTheAnnouncer #ScottyFromMarketing,2021-04-30 08:38:56,"Brisbane, Australia",[152.99319654 -27.38214299],"Brisbane, Queensland"
"#nswpol #auspol #LNPCrimeFamily #MessiahFromTheShire #ScottyTheChosenOne 
💐Thank you @danilic , Rupert as Morgan Fr… https://t.co/SuRt3WybJy",2021-04-30 04:38:10,"Hell,Hades,Mictlan,Tartarus",[150.9319748 -33.848244 ],"Sydney, New South Wales"
@chaser First time I've agreed with SfM! #ScottyFromMarketing,2021-04-30 03:35:47,"Helensvale, Gold Coast. Qld.",[153.36936147 -27.95422176],"Gold Coast, Queensland"
"The cheque book has no more pages!! For my grandchild 

#ScottyFromDamageControl 
#ScottyFromMarketing… https://t.co/nZUcSFUqgJ",2021-04-30 01:29:55,Australia,[148.60837899 -32.24749597],"Dubbo, New South Wales"
"This is incredibly shocking. An Australian woman activist, unlawfully detained, on trumped up accusations- most lik… https://t.co/Tkc3dhAV8L",2021-04-29 23:15:32,Wurundjeri Land,[145.05313534 -37.97256651],"Melbourne, Victoria"
Ok.  It’s time to wake up Australia.  #ScottyFromMarketing and his crew only help their rich mates.  Time for a… https://t.co/4TrXhgzX81,2021-04-29 22:12:13,Wurundjeri Land,[145.05313534 -37.97256651],"Melbourne, Victoria"
"@tegangeorge @10NewsFirst Election must be in the air, it’s their modus operandi I mean what did Morrison say in 20… https://t.co/G2rnKS5KPb",2021-04-29 22:04:31,"Sunshine Coast, Queensland",[153.07415686 -26.6064825 ],"Sunshine Coast, Queensland"
What a joke. #ScottyFromMarketing stood in the lodge in a pair of white thongs and board shorts.  He continues to m… https://t.co/ZAb3gWO7Ty,2021-04-29 21:35:35,Wurundjeri Land,[145.05313534 -37.97256651],"Melbourne, Victoria"
"Woke up to see Harold Holt trending. Turns out #ScottyFromMarketing just went for a swim...

#auspol",2021-04-29 20:10:32,"Melbourne, Australia",[145.05313534 -37.97256651],"Melbourne, Victoria"
"@LennaLeprena The problem is, historically, #scottyfrommarketing fails upwards.",2021-04-29 19:40:26,Bolwarra,[151.58967032 -32.74788   ],"Maitland (NSW), New South Wales"
If everything is God’s will what’s the point of seeking temporal power?  Surely it means that PM Morrison has no co… https://t.co/BUsGQzWeer,2021-04-29 08:39:01,Sydney,[151.22082906 -33.87934449],"Darlinghurst, Sydney"
"@OneShot99006792 @Therese_Rein @YaThinkN I think the terms ""slowmo"" or ""no-mo"" could be included into this lexicon. #ScottyFromMarketing",2021-04-29 02:57:12,"Helensvale, Gold Coast. Qld.",[153.36936147 -27.95422176],"Gold Coast, Queensland"
"@mel_giancarlo @Therese_Rein Useless? Agreed! I also suggest the  terms ""inert"", ""uncaring"" and ""waste of space"". #ScottyFromMarketing",2021-04-29 02:52:37,"Helensvale, Gold Coast. Qld.",[153.36936147 -27.95422176],"Gold Coast, Queensland"
"https://t.co/rQVmTEp3li Regina Jefferies and Jane McAdam :, “Bring them home: both the law and moral duty demand we… https://t.co/r6320y7s6k",2021-04-28 23:36:46,Australia,[150.9319748 -33.848244 ],"Sydney, New South Wales"
Perhaps the Minister for the Homeless @MichaelSukkarMP could pass on his thoughts on this crisis? Or will he ignore… https://t.co/5IAlUBEAq2,2021-04-28 21:24:28,Melbourne,[152.9400645  -26.86268148],"Beerwah, Queensland"
"Another stop on the almost pointless tour by @MichaelSukkarMP just photo ops like #ScottyFromMarketing 
No words on… https://t.co/TOqfSb46XX",2021-04-28 05:04:42,Melbourne,[152.9400645  -26.86268148],"Beerwah, Queensland"
"@LadyPoop2 @EddyJokovich @DocWSJames @CroweDM Pretty sure #ScottyFromMarketing serves:
- Scotty
- Rupert
- Gina
- Clive
- Twiggy",2021-04-28 00:30:52,"New South Wales, Davistown",[151.44249824 -33.34664699],"Central Coast, New South Wales"
"But can't the responsibility for quarantine 

#ScottyFromMarketing 
#ScottyDoesNothing https://t.co/BIzwL1wWfn",2021-04-27 15:09:20,Australia,[150.9319748 -33.848244 ],"Sydney, New South Wales"
@lubiephil I thought that they upgraded Christmas Island so #ScottyFromMarketing could go there for a Press Conference ❗️🐀,2021-04-27 06:31:55,Woiworung Country. Melbourne,[145.05313534 -37.97256651],"Melbourne, Victoria"
"@MrDenmore @cvr8 Greed. 

Morrison’s “Prosperity Gospel” is nothing more than the “conservatives’” religious mask a… https://t.co/KUBZS4e1SU",2021-04-26 23:54:58,"Mudjimba, Qld, Australia",[153.07415686 -26.6064825 ],"Sunshine Coast, Queensland"
@chaser How is god and #ScottyFromMarketing to blame? Both are non-interventionist “leaders”,2021-04-26 21:29:38,"Melbourne, Australia",[145.05313534 -37.97256651],"Melbourne, Victoria"
@TroyPSimpson @RichForrest2 And to whom did #ScottyFromMarketing aka #theliarfromtheshire grant the $4m grace and f… https://t.co/BJEskt5ZEG,2021-04-26 08:22:22,"New South Wales, Australia",[150.9319748 -33.848244 ],"Sydney, New South Wales"
"#ScottyFromMarketing #ScottyFromCoverups #scottymustgo #MurdochGutterMedia #MurdochRoyalCommission
Alan Kohler: Sco… https://t.co/K2ihPLF4H2",2021-04-26 02:24:11,"Adelaide, South Australia",[138.61115987 -35.00076706],"Adelaide, South Australia"
@AncientAliens @Tsoukalos should make an episode of #COVID19 that the Virus could have an #Alien Origin.,2021-05-03 03:12:32,Sydney Australia,[150.9319748 -33.848244 ],"Sydney, New South Wales"
I still think there is a massive Cover Up for #COVID19 that the virus is an #Alien #Plague that came from Out of Sp… https://t.co/QaI4hBPQpj,2021-05-03 03:11:24,Sydney Australia,[150.9319748 -33.848244 ],"Sydney, New South Wales"
To be clear the AZ vaccine is safe and effective for #COVID19 and everyone eligible to be vaccinated should be vaccinated!!,2021-05-03 02:38:56,"Geelong, Victoria",[145.05313534 -37.97256651],"Melbourne, Victoria"
@EVERALDATLARGE @GlenMur21242567 Hypothetically if the 9000 Indian Australians trapped in India became seriously il… https://t.co/DjtWKbtPph,2021-05-03 01:15:33,Woiworung Country. Melbourne,[145.05313534 -37.97256651],"Melbourne, Victoria"
"Australians Maybe #jailed if they fly home from #india.
#Covid19 #IndiaCovidCrisis #coronavirus https://t.co/Dqaa2hM6xz",2021-05-02 07:54:40,"Perth, Western Australia",[115.92831869 -32.15010042],"Perth, Western Australia"
"Housemates of security guard worked as food delivery drivers (of course they did). No crowds at Derby, no nightclub… https://t.co/VCGMIBXe9R",2021-05-02 02:43:48,"Perth, Western Australia",[115.92831869 -32.15010042],"Perth, Western Australia"
@NSWHealth Why are we forced to travel on buses risking more people to nearest hospital if we do not have a car. I… https://t.co/zy0lBAEbNT,2021-05-02 02:18:06,bondi or venice beach,[150.9319748 -33.848244 ],"Sydney, New South Wales"
Digital #covid19 passport gets the go ahead. #travel #tourism #health #Europe https://t.co/vTe5t3T3sG https://t.co/shqbdVESTr,2021-05-02 00:54:21,"Cygnet, Tasmania",[147.07951717 -43.16008625],"Cygnet, Tasmania"
#Insiders We will need quarantine services into the foreseeable future as global warming will cause more #pandemics… https://t.co/dV2E9zwWxA,2021-05-01 23:24:08,Sydney,[150.9319748 -33.848244 ],"Sydney, New South Wales"
"India has one of the #lowest public #healthcare budgets #globally, with the country’s system receiving only 1.26% o… https://t.co/RjC3jvDBrn",2021-05-01 23:22:54,"Perth, Western Australia",[115.92831869 -32.15010042],"Perth, Western Australia"
Our successes with #Covid19 are down to the Premiers (who run our health departments) and ordinary Aussies who foll… https://t.co/S10ICK6Aqp,2021-05-01 23:12:16,Sydney,[151.22082906 -33.87934449],"Darlinghurst, Sydney"
"So what did we learn from Tasmania yesterday?

Premiers who lock-down hard to protect their citizens from #Covid19… https://t.co/weznY5Icql",2021-05-01 23:03:44,"Mudjimba, Qld, Australia",[153.07415686 -26.6064825 ],"Sunshine Coast, Queensland"
"If we survive once in a century Covid-19 Pandemic it’s gonna be a Miracle.

I think at least 30% of World Populatio… https://t.co/UxEfWYsWJ3",2021-05-01 12:12:38,Sydney Australia,[150.9319748 -33.848244 ],"Sydney, New South Wales"
This latest #COVID19 Case in #WesternAustralia my final straw to Postponed my #Perth trip from Sydney on Wednesday for a 4 days holiday.,2021-05-01 12:04:24,Sydney Australia,[150.9319748 -33.848244 ],"Sydney, New South Wales"
Imagine how juicy it would be if we go into a second “short-sharp” lockdown in less than week? #COVID19,2021-05-01 08:19:17,"Perth, Western Australia",[115.92831869 -32.15010042],"Perth, Western Australia"
As much as I have zero sympathy for some of these stuck overseas Aussies that rolled the dice and came up short in… https://t.co/D0Nl7UJKIc,2021-05-01 06:44:14,"Melbourne, Victoria",[145.05313534 -37.97256651],"Melbourne, Victoria"
@emmye1984 @ImmunologyMU helps explain immune system responses to #COVID19. https://t.co/RS8K7W8O27,2021-05-01 06:25:20,"Alfred Centre, Melbourne 3004",[145.05313534 -37.97256651],"Melbourne, Victoria"
#Wastewater sampling is one tool used to help identify potential early spread of #COVID19. Timely reminder with thi… https://t.co/4XQNBtcy5Y,2021-05-01 05:26:49,"Adelaide, South Australia",[150.9319748 -33.848244 ],"Sydney, New South Wales"
"If the Indian Prime Minister &amp; Health Minister worked on this Scientific advice/warning, they need not now burn mid… https://t.co/qDCmBsA5gb",2021-05-01 04:56:00,"Sydney, Australia",[150.9319748 -33.848244 ],"Sydney, New South Wales"
"Covid-19 Australia 01/05/2021
29,806 Confirmed Cases
910 Deaths

#Wuhan #China #Australia #COVID19 #Coronavirus… https://t.co/B0xR7ZMAlF",2021-05-01 04:35:18,Sydney Australia,[150.9319748 -33.848244 ],"Sydney, New South Wales"
"Covid-19 India 01/05/2021
19,164,969 Confirmed Cases
211,853 Deaths

402,110 Confirmed Cases in 24 Hours
3,522 Deat… https://t.co/1c7BRNbEzS",2021-05-01 04:34:02,Sydney Australia,[150.9319748 -33.848244 ],"Sydney, New South Wales"
"Covid-19 United States 01/05/2021
33,103,974 Confirmed Cases
590,055 Deaths

59,906 Confirmed Cases in 24 Hours 
78… https://t.co/UAZR6PlQ2N",2021-05-01 04:32:51,Sydney Australia,[150.9319748 -33.848244 ],"Sydney, New South Wales"
"Covid-19 01/05/2021
152,025,280 Confirmed Cases
3,193,937 Deaths

872,895 Confirmed Cases in 24 Hours
14,285 Deaths… https://t.co/lHK6kIUjd0",2021-05-01 04:31:18,Sydney Australia,[150.9319748 -33.848244 ],"Sydney, New South Wales"
"For the first time in history, the Australian government could make it illegal for Australian citizens in other cou… https://t.co/KJNURa0RxJ",2021-05-01 03:56:58,"Perth, Western Australia",[115.92831869 -32.15010042],"Perth, Western Australia"
Mortuary Van service by @unitedsikhs in #Delhi where we are helping funeral services #COVID19 #OxygenCrisis https://t.co/liBK5B0qS1,2021-05-01 02:59:15,Australia,[145.05313534 -37.97256651],"Melbourne, Victoria"
"legit helpline details on the internet from legit sources such as https://t.co/C73WG6XSnK,The Hindu &amp; times of indi… https://t.co/PykRgdZ7kG",2021-05-01 02:58:44,"Melbourne, Victoria",[145.05313534 -37.97256651],"Melbourne, Victoria"
I feel for all those in India! So many suffering &amp; dying from #COVID19. How many more will die whilst they wait for… https://t.co/hOsiqZrnHS,2021-05-01 02:50:51,"Adelaide, South Australia",[138.61115987 -35.00076706],"Adelaide, South Australia"
"#MayDay in Parramatta today, hearing from ASU secretary about how it was organised labour which saved us all throug… https://t.co/unmRnUS4h1",2021-05-01 01:49:56,Sydney,[150.9319748 -33.848244 ],"Sydney, New South Wales"
"Minor restrictions will continue until 12.01am May 8:
- Masks must be worn indoors.
- 30 person limit for private g… https://t.co/fk1oKICdMu",2021-04-30 22:56:52,"Perth, Western Australia",[115.92831869 -32.15010042],"Perth, Western Australia"
"Is Annastacia Palaszczuk’s government in Queensland, not wanting tourism at the moment?
The rubber-band rules, are… https://t.co/2QbvNn938Z",2021-04-30 13:52:34,"SE Region, Victoria, AU.",[145.05313534 -37.97256651],"Melbourne, Victoria"
"‘GDP growth returned to pre-pandemic levels in early 2021 in the five countries that opted for elimination, whereas… https://t.co/8mFQa9QcZU",2021-04-30 13:50:23,"Hobart, Tasmania",[147.37352182 -42.83474908],"Hobart, Tasmania"
"That time when Trump, mid—interview, scrounged to find and give @jonathanvswan a bunch of charts that looked put to… https://t.co/OJmSkhorxO",2021-04-30 10:35:00,"Meanjin (Brisbane, Australia).",[151.19193525 -33.89352578],Carriageworks
So with #India on the ban travel list will @ScottMorrisonMP ban other countries that neighbour India or have the In… https://t.co/9fZjK9N1qV,2021-04-30 10:32:49,Perth WA ,[150.05434676 -32.83103996],"New South Wales, Australia"
"#COVID19 changed my plans, but I'm glad to have helped setup the 🔬 Micro Imaging Facility 🔬 of the @VictorChangInst #InnovationCentre,",2021-04-30 09:21:04,"Sydney, New South Wales",[150.9319748 -33.848244 ],"Sydney, New South Wales"
Fantastic talk from @DrQuinn4realz at @DayofImmunology @ASImmunology public lecture about the available #COVID19… https://t.co/KXn4FbD8Ax,2021-04-30 08:42:20,"Perth, Australia",[115.92831869 -32.15010042],"Perth, Western Australia"
You had over a year to get home don't be crying foul now the government is getting tougher on travelling from #COVID19 hot spots #auspol,2021-04-30 08:06:24,Perth WA ,[150.05434676 -32.83103996],"New South Wales, Australia"
@SpotlightForYou @HkarterKarter @AustralianArmy Because of this would they have grounds for a ‘Class Action’ agains… https://t.co/F1lhWHRacG,2021-04-30 07:51:47,Woiworung Country. Melbourne,[145.05313534 -37.97256651],"Melbourne, Victoria"
"Yet again an excellent, must read article by Arundhati Roy which systematically shreds the little credibility… https://t.co/NIEFw2l0xL",2021-04-30 07:43:33,Canberra,[149.12978253 -35.31397979],"Canberra, Australian Capital Territory"
@JohnRHewson Would Australians in India unable to come home because of the Closed Boarder restrictions who got… https://t.co/OGnqz1MqR3,2021-04-30 07:32:35,Woiworung Country. Melbourne,[145.05313534 -37.97256651],"Melbourne, Victoria"
@Reuters Don't buy #China made remember who gave the world #COVID19,2021-04-30 06:39:25,Perth WA ,[150.05434676 -32.83103996],"New South Wales, Australia"
"Western Australia has recorded no new community #COVID19 cases overnight, clearing the way for an easing of restric… https://t.co/0uYTPrR4mM",2021-04-30 05:53:22,"Perth, Western Australia",[115.92831869 -32.15010042],"Perth, Western Australia"
"after 8 years,  plus two years  delay due to #covid19 finally at the Ceremony of new Fellows of @RACP 👍 https://t.co/Penon1wYJQ",2021-04-30 05:04:20,"New South Wales, Australia",[153.01845789 -27.47627438],Brisbane Convention & Exhibition Centre
It’s interesting to speculate on next year. Hopefully we’ll be fully vaccinated and international travel resumes BU… https://t.co/lpc6lNslJR,2021-04-30 05:01:03,"Sydney, New South Wales",[150.9319748 -33.848244 ],"Sydney, New South Wales"
This is an excellent Guardian article and helps us understand this dreadful new wave of infection. #COVID19 has so… https://t.co/fDkGBE1MFq,2021-04-30 04:54:12,"Sydney, New South Wales",[150.9319748 -33.848244 ],"Sydney, New South Wales"
A reminder that this fantastic event is on today - join us to learn all about #COVID19 vaccines from a fantastic li… https://t.co/Y6XyykJS9I,2021-04-30 04:46:51,"Melbourne, Victoria",[145.05313534 -37.97256651],"Melbourne, Victoria"
SHOCKING: Rich countries are vaccinating one person every second while majority of the poorest nations are yet to g… https://t.co/fV4pvOlvsZ,2021-04-30 04:28:04,Sydney,[150.9319748 -33.848244 ],"Sydney, New South Wales"
ABC News: #Traveller who accidentally breached green zone at #Brisbane airport tests positive to #COVID19.… https://t.co/Njjat74bSH,2021-04-30 01:16:18,"Sydney, Australia",[150.9319748 -33.848244 ],"Sydney, New South Wales"
Please read my blog on #lockdown implications in #IndiaCovidCrisis #Blog #CovidResources #IndiaFightsCorona… https://t.co/apXPFXOi5F,2021-04-29 23:45:28,India,[150.9319748 -33.848244 ],"Sydney, New South Wales"
What’s with people on the train not sharing their seat anymore? #COVID19,2021-04-29 21:44:36,"Sydney, Australia",[150.9319748 -33.848244 ],"Sydney, New South Wales"
"Notwithstanding the complete unreliability of official #COVID19-related deaths in #India, it would be interesting t… https://t.co/dDELyBNY44",2021-04-29 21:21:24,Canberra,[149.12978253 -35.31397979],"Canberra, Australian Capital Territory"
"So when @AnnastaciaMP made a decision for #Queensland based on medical advice, it was wrong, but when you make one… https://t.co/70rT8Ev52h",2021-04-29 10:53:53,QLD Australia,[152.99319654 -27.38214299],"Brisbane, Queensland"
As per Assoc Prof Deborah Gleeson Australia also has voted against releasing IP rights of #Covid19 vaccines at @wto… https://t.co/r0m6ehLL17,2021-04-29 09:15:11,Melbourne,[145.40612861 -38.06375806],"Officer, Victoria"
Another #fail from from this useless #RWNJ #Liberal #Nationals government:  If you search for #COVID19 #vaccine sit… https://t.co/y0KbXWayTH,2021-04-29 04:17:57,"Central Tablelands, NSW",[149.12978253 -35.31397979],"Canberra, Australian Capital Territory"
This is an excellent piece about what drives @PMOIndia. Meanwhile #India’s health system is  fast collapsing under… https://t.co/CfJy1ByZOg,2021-04-29 00:34:14,Canberra,[149.12978253 -35.31397979],"Canberra, Australian Capital Territory"
Why am I not surprised to read that experts seriously believe that the real number of #COVID19-related death in… https://t.co/K0n8FhIZ3K,2021-04-29 00:09:48,Canberra,[149.12978253 -35.31397979],"Canberra, Australian Capital Territory"
"India 380,000 Confirmed Cases in 24 Hours. What the f*** is going on. 
😳😳😳
#Wuhan #China #India #COVID19… https://t.co/USPlrsrRM0",2021-04-28 23:16:42,Sydney Australia,[150.9319748 -33.848244 ],"Sydney, New South Wales"
What a difference with @PMOIndia’s decision to allow the #Amarnath pilgrimage to go ahead!If this Hindu event is al… https://t.co/la0oGdX7vC,2021-04-28 23:06:55,Canberra,[149.12978253 -35.31397979],"Canberra, Australian Capital Territory"
@LColket Thrilled to have a co-storied chapter with @briansology and @Doc_Mac19 in this edited collection of intern… https://t.co/UNOAl8xd4L,2021-04-28 21:41:50,"Melbourne, Australia",[145.05313534 -37.97256651],"Melbourne, Victoria"
I think #IPL #IndiaPremierLeague Should be Postponed and use Stadium as a Hospital Ward it would be so stupid for I… https://t.co/dzdGw2hjvV,2021-04-28 16:14:53,Sydney Australia,[150.9319748 -33.848244 ],"Sydney, New South Wales"
Pleased to meet with Thai Airways and Consulate General Sydney team on 26/04/21. One year ago-our 1st TG 476 repatr… https://t.co/hJAaJdnC2x,2021-04-28 13:52:11,"Bangkok, Thailand",[149.12978253 -35.31397979],"Canberra, Australian Capital Territory"
https://t.co/cZkLYSdvsb leave them there #IPL2021 #COVID19 #auspol #indiacovid #cricket #BBAU #MasterChefAU #QandA,2021-04-28 13:33:02,Perth WA ,[150.05434676 -32.83103996],"New South Wales, Australia"
"@JimDeMint Current stats show approx 99,437,266 people under the age of 24 in the US. If only 0.1% of those were to… https://t.co/wp7ufuXO9p",2021-04-28 13:21:18,"Perth, Western Australia",[115.92831869 -32.15010042],"Perth, Western Australia"
"@6PR @MarkMcGowanMP must be the cure for #covid19. Everytime he makes a shit decision, the dam virus disappears and… https://t.co/TFBKdNcQvj",2021-04-28 12:57:33,"Brisbane, Queensland",[152.99319654 -27.38214299],"Brisbane, Queensland"
"#LATEST Australia surpasses 2 million #COVID19 vaccine doses, but the public will not be told how many people have… https://t.co/jVZapp6GDl",2021-04-28 11:38:34,Canberra,[149.12978253 -35.31397979],"Canberra, Australian Capital Territory"
https://t.co/T8rMoariQ1 7yrs jail is a bloody joke @MarkMcGowanMP his child grows up without a dad and be out of ja… https://t.co/OhxPfwEHXs,2021-04-28 10:56:20,Perth WA ,[150.05434676 -32.83103996],"New South Wales, Australia"
We’re excited to support the @ASImmunology’s International @DayofImmunology public lecture on COVID-19 vaccines. Le… https://t.co/abR48dOMYK,2021-04-28 08:50:12,"Perth, Australia ",[115.92831869 -32.15010042],"Perth, Western Australia"
We’re excited to support the @ASImmunology International @DayofImmunology public lecture on COVID-19 vaccines. Sign… https://t.co/b07XKHRQMk,2021-04-28 08:49:17,"Perth, Western Australia",[115.92831869 -32.15010042],"Perth, Western Australia"
".@POTUS @KamalaHarris, the world is calling on you to suspend the #patents and share the science, so that more coun… https://t.co/qDXZqQcsYh",2021-04-28 07:29:51,,[150.9319748 -33.848244 ],"Sydney, New South Wales"
"WA has recorded four days in a row of ZERO community transmission #COVID19 cases.
4 coronavirus cases have been rec… https://t.co/YkVc20nUHl",2021-04-28 06:03:51,"Perth, Western Australia",[115.92831869 -32.15010042],"Perth, Western Australia"
#COVIDMania has utterly eroded the brains on the left. The psychological damage that’s been done is incredible whic… https://t.co/ESfOSLtMiW,2021-04-28 06:02:59,"Perth, Western Australia",[115.92831869 -32.15010042],"Perth, Western Australia"
"One man did a great job with #COVID19 but he has done nothing to improve hospitals, transport, schools or housing.… https://t.co/mBt3sPgAcG",2021-04-28 05:24:54,"Cygnet, Tasmania",[147.07951717 -43.16008625],"Cygnet, Tasmania"
@2tweetaboutit @MailOnline @pritipatel Great border protection 🤣🤣🤣🤣 @BorisJohnson @pritipatel importing #COVID19 to the #UK #England #London,2021-04-28 03:53:36,Perth WA ,[150.05434676 -32.83103996],"New South Wales, Australia"
"Covid-19 India Country is Collapsed.
Official 362,000 Confirmed Cases in 24 Hours
Estimated 500,000 Cases in 24 Hou… https://t.co/17GETH68vJ",2021-04-28 03:22:01,Sydney Australia,[150.9319748 -33.848244 ],"Sydney, New South Wales"
How can optical mapping from @bionanogenomics assist with Host genome andreponse to  #covid19 - learn at the labroo… https://t.co/S3mExcvdnf,2021-04-28 00:06:42,"Melbourne, Victoria",[145.05313534 -37.97256651],"Melbourne, Victoria"
"Covid-19 in #Asia is growing, I’m very worried that International Travel will never be resumed. India could have Ha… https://t.co/mkErWMpw9J",2021-04-27 23:13:40,Sydney Australia,[150.9319748 -33.848244 ],"Sydney, New South Wales"
"Expert Fear India Could Have Half a Billion 500,000,000 Covid-19 Cases.

https://t.co/0GJStxGGav

#Wuhan #China… https://t.co/FhVWMA6kq6",2021-04-27 22:49:50,Sydney Australia,[150.9319748 -33.848244 ],"Sydney, New South Wales"
RT @nhmrc the achievements with vaccines for #COVID19  in #year2020 were built on years of investment in research -… https://t.co/DqSBUjDrdv,2021-04-27 20:01:56,"Brisbane, Queensland",[152.99319654 -27.38214299],"Brisbane, Queensland"
More evidence to support #endothelial #dysfunction as a cause of #stroke in #COVID19 -#smallvessel #clots and… https://t.co/pq3viijj12,2021-04-27 13:44:46,,[145.05313534 -37.97256651],"Melbourne, Victoria"
"Covid-19 India on a Brink of Collapse, World Ending Event is Happening.

https://t.co/T1pUVS1kRN

#Wuhan #China… https://t.co/QK98ff4A8M",2021-04-27 12:51:44,Sydney Australia,[150.9319748 -33.848244 ],"Sydney, New South Wales"
I have #blocked 3460 accounts wow 😱 Not today though since #COVID19 ppl were being #COVIDIOTS I couldn't #cope,2021-04-27 11:47:46,"Sydney, New South Wales",[150.9319748 -33.848244 ],"Sydney, New South Wales"
"As the #COVID19 crisis deepens, we grieve with the families who have lost dear ones. Grateful to the healthcare &amp; f… https://t.co/BA9yfLolNE",2021-04-27 11:38:46,Bangalore and Melbourne,[145.05313534 -37.97256651],"Melbourne, Victoria"
Spotted this on my walk today #COVID19 https://t.co/ZwVBcdQQuh,2021-04-27 11:19:45,Sydney,[150.9319748 -33.848244 ],"Sydney, New South Wales"
"Spotted this on my walk today #covid19 @ Waitara, New South Wales, Australia https://t.co/c7GFKz9f8q",2021-04-27 10:23:30,Sydney,[150.9319748 -33.848244 ],"Sydney, New South Wales"
"For #TellAStoryDay, we're excited to announce One Year On, a digital showcase of stories about resilience &amp; hardshi… https://t.co/uFeTCgVkrU",2021-04-27 10:01:08,"Melbourne, Australia",[145.05313534 -37.97256651],"Melbourne, Victoria"
"For #TellAStoryDay, we're excited to announce One Year On, a digital showcase of stories about resilience &amp; hardshi… https://t.co/hwFNuJYY1j",2021-04-27 10:00:07,"Melbourne, Australia",[145.05313534 -37.97256651],"Melbourne, Victoria"
"For #TellAStoryDay, we're excited to announce One Year On, a digital showcase of stories about resilience &amp; hardshi… https://t.co/yRGdApjmXx",2021-04-27 10:00:06,"Melbourne, Australia",[145.05313534 -37.97256651],"Melbourne, Victoria"
Thinking of people in India and Australians with Indian heritage. I hope countries like Australia can provide suppo… https://t.co/qI1VRl2s93,2021-04-27 09:27:30,"Perth, Western Australia",[115.92831869 -32.15010042],"Perth, Western Australia"
Chris Kenny becoming the bleeding heart for Australians of Indian origin &amp; lecturing Aus to be less racist &amp;  more… https://t.co/vLyVVg24hW,2021-04-27 07:56:36,"Sydney, Australia",[150.9319748 -33.848244 ],"Sydney, New South Wales"
Make sure to read the whole thread 🤓👇 #COVID19 https://t.co/bBGRgNjUtf,2021-04-27 07:38:34,"Melbourne, Victoria",[147.37352182 -42.83474908],"Hobart, Tasmania"
Will we be back in black? I have a couple of hundred coffee mugs and t-shirts to get rid of soon. Why the 14 month… https://t.co/9lCWGMUFDD,2021-05-02 22:48:48,Melbourne,[145.05313534 -37.97256651],"Melbourne, Victoria"
How many children has @albo locked up? How many policies does @AustralianLabor have to encourage home extensions ra… https://t.co/V8HtnOZ4YA,2021-05-02 22:15:30,Melbourne,[145.05313534 -37.97256651],"Melbourne, Victoria"
Brendan O’Connor on #Insiders: #ScumMo’s threat to jail Australians returning from India is simply a distraction fr… https://t.co/FSYyeA4s3n,2021-05-01 23:26:38,"Mudjimba, Qld, Australia",[153.07415686 -26.6064825 ],"Sunshine Coast, Queensland"
There are strong parallels of this thread's comments in Australia. #LNPfail government is a good example.… https://t.co/3s3ohW0qg1,2021-05-01 03:27:56,"Murrays Run, Australia",[150.05434676 -32.83103996],"New South Wales, Australia"
"@ScottMorrisonMP @BrittHiggins_ 
Where’s the rapist?
Keep your strength and the pressure on Ms.Higgins.… https://t.co/Xz296Dzvt8",2021-04-30 23:15:39,Australia🇦🇺,[145.05313534 -37.97256651],"Melbourne, Victoria"
ICYMI our new video with tips for answering those annoying things your disengaged from politics mates or Lib mates… https://t.co/sgdWjwNQyu,2021-04-30 21:58:43,"Sydney, New South Wales",[150.9319748 -33.848244 ],"Sydney, New South Wales"
"And how did #Deakins @MichaelSukkarMP vote? Opposed the banking RC. 
#auspol 
#LNPfail 
#AlboForPM https://t.co/lyrYqvQwvT",2021-04-30 19:12:45,Melbourne,[145.05313534 -37.97256651],"Melbourne, Victoria"
"@Qldaah Aaaaarrgh! Not again!

Campbell's cutbacks were not just in the public service. Nurses were sacked; highway… https://t.co/4dEsQ452WT",2021-04-30 10:23:53,"Mudjimba, Qld, Australia",[153.07415686 -26.6064825 ],"Sunshine Coast, Queensland"
"Another #LNPfail 
Dog whistling to racists, plus having no actual clue as to how to fix a problem, has resulted in… https://t.co/e999B4z25x",2021-04-30 01:31:17,"Sydney, New South Wales",[150.9319748 -33.848244 ],"Sydney, New South Wales"
"@JaneCaro @DavidCampbell73 It was a #LNPfail 

Like this #LNPCorruptionParty #FAIL https://t.co/AXz2CcAFCb",2021-04-30 00:35:28,Australia,[120.96152198 -24.41216923],"Western Australia, Australia"
The COVID success is bc of states handling it.  Understandable the lack of success with vaccine roll out is bc Morr… https://t.co/mu3I8PDh7Y,2021-04-29 08:08:08,"Melbourne, Victoria, Australia",[145.05313534 -37.97256651],"Melbourne, Victoria"
"@SarkySage And

Another #LNPfail https://t.co/70VDz2KBpj",2021-04-29 07:23:32,Australia,[120.96152198 -24.41216923],"Western Australia, Australia"
"#lnptoxicculture

@ScottMorrisonMP claims people attacking his religious beliefs but happy to have his party… https://t.co/kVOcrEnW1e",2021-04-29 07:20:24,Australia,[120.96152198 -24.41216923],"Western Australia, Australia"
"Attention @MichaelSukkarMP 
Do something. Anything!
#LNPfail 
#EnoughIsEnough 
#auspol 
#alboforpm https://t.co/XZ9wZ52Hvv",2021-04-29 02:17:19,Melbourne,[153.07415686 -26.6064825 ],"Sunshine Coast, Queensland"
"@_ClaireConnelly @tamepunk was the perfect choice as Australian of the Year.
That the government can't handle Grace… https://t.co/j5s0LOek78",2021-04-30 23:56:06,Reality,[145.05313534 -37.97256651],"Melbourne, Victoria"
@KafkaVoltaire @QandA Is this part of a #scottyfromarketing plan to sell of the ABC to lowest mate bid,2021-04-29 13:06:42,Sydney Australia,[150.9319748 -33.848244 ],"Sydney, New South Wales"
"@MikeCarlton01 My wife said out 22 year old son was beside himself yesterday.

We have told him we think it is… https://t.co/9mITGNRCY9",2021-04-28 12:52:47,Australia,[122.22044352 -17.95328876],"Broome, Western Australia"
@helendalton22 Why is our water in foreign hands ? Rivers cross state borders it's time it was controlled by the fe… https://t.co/840CVQYngg,2021-04-28 09:27:17,Perth WA ,[150.05434676 -32.83103996],"New South Wales, Australia"
"@AmyRemeikis You know what would be interesting - who else #scottyfromarketing met while in Darwin
I bet he popped… https://t.co/pO8RR4NJjP",2021-04-28 07:33:16,Reality,[145.05313534 -37.97256651],"Melbourne, Victoria"
"@CroweDM @Gallo_Ways Not at all surprised.

He is only #scottyfromarketing 
Not #scottytheachiever",2021-04-28 05:25:32,Australia,[122.22044352 -17.95328876],"Broome, Western Australia"
"@normanswan It's very important for #ScottyDoesNothing to also be #scottyfromarketing 

We must remember he conside… https://t.co/JPI3lNaCdk",2021-04-28 04:33:41,Australia,[122.22044352 -17.95328876],"Broome, Western Australia"
"The lessons of the Vietnam War demos are clear. March. Every month. In every capital. 
#EnoughIsEnough 
#ItsTime… https://t.co/ZxXiZV4bPT",2021-05-02 00:24:36,Melbourne,[145.05313534 -37.97256651],"Melbourne, Victoria"
When are we going to get over serving triple fried beer battered chips and just serve some simple fkn crinkle cuts? #pubgrub #enoughisenough,2021-05-01 08:04:24,Melbourne,[143.97802338 -38.53590405],"Lorne, Victoria"
"#DomesticViolence #EnoughIsEnough #EndViolenceAgainstWomen 
Kelly Wilkinson’s alleged killer told of murder charges… https://t.co/ydEH2vr86w",2021-05-01 03:11:36,"Adelaide, South Australia",[138.61115987 -35.00076706],"Adelaide, South Australia"
Calling #BS. This smells to the high heavens of political influence. They underestimated the impact of #GraceTame… https://t.co/8zOKkS86xn,2021-05-01 01:22:33,"Burleigh Heads, Gold Coast. ",[153.36936147 -27.95422176],"Gold Coast, Queensland"
"Brittany Higgins meets Scott Morrison, says he agreed system let her down over rape allegation.  

The trouble is,… https://t.co/uhzsci41Vs",2021-05-01 00:14:51,Wurundjeri Land,[145.05313534 -37.97256651],"Melbourne, Victoria"
"We’ve got to keep making noise Australia, we can’t grow silent again on violence against women and children. Silenc… https://t.co/8mobloxL5h",2021-04-30 23:17:51,,[138.61115987 -35.00076706],"Adelaide, South Australia"
"@ScottMorrisonMP @BrittHiggins_ 
Where’s the rapist?
Keep your strength and the pressure on Ms.Higgins.… https://t.co/Xz296Dzvt8",2021-04-30 23:15:39,Australia🇦🇺,[145.05313534 -37.97256651],"Melbourne, Victoria"
"Not sure how you can have a honest conversation with the #LiarFromTheShire 

#auspol
#tasvotes 
#EnoughIsEnough… https://t.co/rFYZXZ3gSh",2021-04-30 20:47:48,Tumbi Umbi Australia,[151.44249824 -33.34664699],"Central Coast, New South Wales"
"The problem is people like #ScottyTheRapistProtector .
They do not care.
#EnoughIsEnough 
#tasvotes 
#auspol https://t.co/uCXmHW4sR0",2021-04-30 20:43:50,Tumbi Umbi Australia,[151.44249824 -33.34664699],"Central Coast, New South Wales"
The @LiberalAus party has just got worse under #ScottyTheChosenOne . Total loss of Values. Just greed and weird cul… https://t.co/WAeepsoQRV,2021-04-30 20:29:36,Tumbi Umbi Australia,[151.44249824 -33.34664699],"Central Coast, New South Wales"
"God I hope #bwfc are promoted this weekend, but I won’t read about it on social media - and I can live with that… https://t.co/3P0p15jMEE",2021-04-30 14:20:02,On Wurundjeri Land,[145.05313534 -37.97256651],"Melbourne, Victoria"
"@realCarrickRyan Well, he got the inverted flag = distress signal right, at least 
#auspol #ScottyFomMarketing… https://t.co/UYe6tLk44K",2021-04-30 06:35:31,"Melbourne, Victoria, 🇦🇺",[145.05313534 -37.97256651],"Melbourne, Victoria"
@L1I9N6K4 @BradSco47716760 @tegangeorge @AlboMP @10NewsFirst Agreed. And nothing changes. #March4Justice #EnoughIsEnough,2021-04-30 04:39:10,"Mount Gambier, South Australia",[135.0021463  -32.02937474],"South Australia, Australia"
@abcnews I’m sorry I just can’t work this guy out. Why does he need to be such a contrary man constantly ? #EnoughIsEnough,2021-04-30 03:34:21,melbourne,[145.05313534 -37.97256651],"Melbourne, Victoria"
"This is incredibly shocking. An Australian woman activist, unlawfully detained, on trumped up accusations- most lik… https://t.co/Tkc3dhAV8L",2021-04-29 23:15:32,Wurundjeri Land,[145.05313534 -37.97256651],"Melbourne, Victoria"
#hometobilo #hometobilo #hometobilo #hometobilo #hometobilo #hometobilo #hometobilo #hometobilo #hometobilo… https://t.co/5xO50jzL4J,2021-04-29 22:59:43,"Woronora, Sydney",[153.36936147 -27.95422176],"Gold Coast, Queensland"
"Attention @MichaelSukkarMP 
Do something. Anything!
#LNPfail 
#EnoughIsEnough 
#auspol 
#alboforpm https://t.co/XZ9wZ52Hvv",2021-04-29 02:17:19,Melbourne,[153.07415686 -26.6064825 ],"Sunshine Coast, Queensland"
Perhaps the Minister for the Homeless @MichaelSukkarMP could pass on his thoughts on this crisis? Or will he ignore… https://t.co/5IAlUBEAq2,2021-04-28 21:24:28,Melbourne,[152.9400645  -26.86268148],"Beerwah, Queensland"
"The UK are about to class Misogyny as a Hate Crime.

That's progress @ScottMorrisonMP 

#EnoughIsEnough… https://t.co/CB8AHkpGEk",2021-04-28 02:22:22,Hastings - Australia,[145.05313534 -37.97256651],"Melbourne, Victoria"
@CraigKellyMP Can’t wait to see you on the unemployment line What a fake you are Let’s hope Twitter gives you the b… https://t.co/PFLyZlDbzA,2021-04-28 02:17:30,"Woronora, Sydney",[153.36936147 -27.95422176],"Gold Coast, Queensland"
@LesStonehouse That's me too. Voted @AustralianLabor ever since as they will not send our youth to die as conscript… https://t.co/qMPeTS0w5Y,2021-04-27 22:17:40,Melbourne,[152.9400645  -26.86268148],"Beerwah, Queensland"
What relationship does she have with someone to get that? I got no choice. I am grateful for my AZ vaccine for free… https://t.co/yf9M29IGZq,2021-04-27 16:48:17,Melbourne,[152.9400645  -26.86268148],"Beerwah, Queensland"
"@agvocate_au @HayleyFoster_ @eraaustralia @AWAVA_women Rural, Regional &amp; Remote Australia still has communication a… https://t.co/qOrFitgGFn",2021-04-27 10:33:22,Australia,[150.05434676 -32.83103996],"New South Wales, Australia"
@severs_jeanette Totally agree! #EnoughIsEnough,2021-04-27 10:29:48,Australia,[150.05434676 -32.83103996],"New South Wales, Australia"
@agvocate_au @jo_sr01 @AWAVA_women @Kate_Jenkins_ @safer_families @eSafetyWomen @HayleyFoster_ @AgChatOZ… https://t.co/JTqXczlaW1,2021-04-27 10:04:01,Australia,[150.05434676 -32.83103996],"New South Wales, Australia"
Housing for people escaping violence is totally inadequate in RRR Australia. #EnoughIsEnough,2021-04-27 10:00:49,Australia,[150.05434676 -32.83103996],"New South Wales, Australia"
In many rural towns we do not have 24hr policing. The ED at the local hospital is often the only option- that is if… https://t.co/SgfY4pRbbi,2021-04-27 09:59:19,Australia,[150.05434676 -32.83103996],"New South Wales, Australia"
Carrington McIntosh &amp; Scott (2013) research found that mining &amp; agricultural towns DV was one of a myriad of hidden… https://t.co/MNaXq6JTDG,2021-04-27 09:55:10,Australia,[150.05434676 -32.83103996],"New South Wales, Australia"
@PipRumble @AustWomenInAg @NatSommerville We are discussing a rural cultural change - call out racist mass sexist b… https://t.co/GGIEqKMJjp,2021-04-27 09:41:56,Australia,[150.05434676 -32.83103996],"New South Wales, Australia"
"Rural Women Safety discussion starting at 7:30pm. Please join us!
@AAAFarmer @RuralMH @SenatorNash @Nat_Irrigators… https://t.co/s8fBdAQKqI",2021-04-27 08:51:56,Australia,[150.05434676 -32.83103996],"New South Wales, Australia"
@Celery87961714 @t_coxsen @JPLonnieQ A group of friends &amp; started a series of #Pop_Up #HiVis protest against #VAW l… https://t.co/pKJlYSoBtq,2021-04-27 06:53:50,Gold Coast,[153.36936147 -27.95422176],"Gold Coast, Queensland"
There was a movie once where prisoners wore a collar that gently removed their head if they strayed. Just an idea..… https://t.co/nSeTBvICP3,2021-04-26 22:37:57,"Brisbane, Queensland",[152.99319654 -27.38214299],"Brisbane, Queensland"
This is the group we have started to get a women friendly govt into power and to harness the strength of the margin… https://t.co/WST1GSB4Sx,2021-04-26 10:37:21,"Sydney, Australia",[150.9319748 -33.848244 ],"Sydney, New South Wales"
Are you working on this @MichaelSukkarMP as Minister for the Homeless? Or will you ignore them and let them rot?… https://t.co/SY5zfz1UNo,2021-04-26 07:57:01,Melbourne,[152.9400645  -26.86268148],"Beerwah, Queensland"
"Isn't @AlboMP  a great guy to give civics lessons for free to the #LNPfail 
Paying any attention @ScottMorrisonMP… https://t.co/6ET22q8ywv",2021-04-26 07:28:51,Melbourne,[152.9400645  -26.86268148],"Beerwah, Queensland"
@JosieMcskimming @YaThinkN @RonniSalt We used to have rules about Prime Ministers not lying and misleading us as we… https://t.co/l9ONz5Bkgy,2021-04-26 07:26:05,Melbourne,[152.9400645  -26.86268148],"Beerwah, Queensland"
It's what #ScottyFromCoverUps does...there's no issue significant enough for him not to ignore and hope it to fades… https://t.co/4MShwg2SD3,2021-05-02 13:37:03,NSW Far North Coast,[153.36936147 -27.95422176],"Gold Coast, Queensland"
"#ScottyFromMarketing #ScottyFromCoverups #scottymustgo #MurdochGutterMedia #MurdochRoyalCommission
Alan Kohler: Sco… https://t.co/K2ihPLF4H2",2021-04-26 02:24:11,"Adelaide, South Australia",[138.61115987 -35.00076706],"Adelaide, South Australia"
@LeftyLongtitude @ScottMorrisonMP Everything this Gov does is calculated. Will it appeal to his base or will it bac… https://t.co/OkOuychu9E,2021-05-01 22:50:29,NSW Sth Coast & West Sumbawa ,[150.593866   -34.87720123],"Nowra - Bomaderry, New South Wales"
#IMO @ScottMorrisonMP is a #vile #disgusting #humanbeing for wanting to #KeepAustraliansOut &amp;… https://t.co/ei3VQuJRRR,2021-05-01 11:17:47,Kaurna Land SA,[138.61115987 -35.00076706],"Adelaide, South Australia"
"This is not a poll. It’s #Newspoll.

It’s what #Murdoch wants you to believe.

#auspol #MurdochRoyalCommission https://t.co/Bug26We3Om",2021-04-26 10:15:44,"Mudjimba, Qld, Australia",[153.07415686 -26.6064825 ],"Sunshine Coast, Queensland"
"It’s utter bullshit PVO, we’re talking about a poll done by his media team, your ‘media’ @newscorpaus is who put ou… https://t.co/Wh1sT1f9Or",2021-04-26 09:41:54,"Melbourne, Australia",[145.05313534 -37.97256651],"Melbourne, Victoria"
"#Newspoll is a load of bollocks, it’s laughable to think that this poll thinks it’s relevant, @newscorpaus run it t… https://t.co/BioE2HvFSg",2021-04-26 06:09:58,"Melbourne, Australia",[145.05313534 -37.97256651],"Melbourne, Victoria"
1. #ScoMo is extremely unpopular..only on Twitter it seems. 2. ALP holds edge in 2-Party preferred &amp; would prob do… https://t.co/0ablt5FI80,2021-04-26 01:46:06,"Brisbane, Australia",[145.77406433 -19.16003684],"Queensland, Australia"
"I called it over a week ago where #newspoll would be tonight. 

Marketing boy just did 10 days of a mini election a… https://t.co/2ot6a2LZKR",2021-04-25 12:11:13,"Adelaide, South Australia",[138.61115987 -35.00076706],"Adelaide, South Australia"
@MikeCarlton01 #ScoMo looks like 'The Mad Professor' (minus the labcoat) wringing his hands in anticipation of what… https://t.co/TqUtwsi5lw,2021-05-02 01:41:01,somewhere in Arnhemland,[130.93330842 -12.42590065],"Darwin, Northern Territory"
@HalloranMackie @JohnRHewson Exactly Mackie - utter disregard for The #AustralianPeople - a travesty. We are NOT in… https://t.co/B2JsbXZjv1,2021-05-02 00:16:14,somewhere in Arnhemland,[130.93330842 -12.42590065],"Darwin, Northern Territory"
@ScottMorrisonMP Empathy Coaches obviously failed to teach him about Consent! #ScoMo #ScoMoses #ScottyFromHillsong… https://t.co/Tm5RgOREzp,2021-05-01 06:37:31,"Sydney, Australia",[150.9319748 -33.848244 ],"Sydney, New South Wales"
"@RealSlgr No! Our port has NOT been sold to China, it's been LEASED by Liberal-Country Party at the time &amp; when Sco… https://t.co/PUSaWpdZcy",2021-04-28 11:17:51,somewhere in Arnhemland,[130.93330842 -12.42590065],"Darwin, Northern Territory"
@toninicho No. We need proper quarantine.  Current plans just prop up Hotel Chains. We need proper quarantine for… https://t.co/lY1wssH97U,2021-04-26 06:01:16,"Adelaide, South Australia",[138.61115987 -35.00076706],"Adelaide, South Australia"
1. #ScoMo is extremely unpopular..only on Twitter it seems. 2. ALP holds edge in 2-Party preferred &amp; would prob do… https://t.co/0ablt5FI80,2021-04-26 01:46:06,"Brisbane, Australia",[145.77406433 -19.16003684],"Queensland, Australia"
"@PeterWMurphy1 It's #cringeworthy - &amp; incredibly ironic, given the #ANZAC campaign in #WWI was when we first fought… https://t.co/GdahJH97e8",2021-04-25 12:22:18,somewhere in Arnhemland,[130.93330842 -12.42590065],"Darwin, Northern Territory"
@ScottMorrisonMP must go!! #notmypm #Politics,2021-04-30 11:02:16,"Perth, Western Australia",[115.92831869 -32.15010042],"Perth, Western Australia"
"@CatPurry9 Think of the money he could save the health system.
Who would have guessed that we having a miracle work… https://t.co/LBDIGkjum1",2021-04-27 09:36:58,"Western Australia, Australia",[115.90503469 -32.95232947],"Yarloop, Western Australia"
"@drlouisehansen Hi Girls, thank you for offering asylum to Australians. I wish our Government was as generous.… https://t.co/2BTvOFucb7",2021-05-03 00:59:40,,[145.05313534 -37.97256651],"Melbourne, Victoria"
@L1I9N6K4 @BradSco47716760 @tegangeorge @AlboMP @10NewsFirst Agreed. And nothing changes. #March4Justice #EnoughIsEnough,2021-04-30 04:39:10,"Mount Gambier, South Australia",[135.0021463  -32.02937474],"South Australia, Australia"
@ElaineM11584892 Not by me ever #March4Justice,2021-04-29 12:19:07,Australia,[151.44249824 -33.34664699],"Central Coast, New South Wales"
