[{"tweetText":"It's what #ScottyFromCoverUps does...there's no issue significant enough for him not to ignore and hope it to fades\u2026 https:\/\/t.co\/4MShwg2SD3","tweetCreated":1619962623000,"userLocation":"NSW Far North Coast","Coordinates":[153.369361472,-27.9542217577],"TweetPlace":"Gold Coast, Queensland","cleaned_text":" does...theres issue significant enough ignore hope fades\u2026","clean_lemmatized":"does...theres issue significant enough ignore hope fades\u2026","clean_lemmatized Positive Sentiment Score":0.42,"clean_lemmatized Negative Sentiment Score":0.223,"clean_lemmatized Neutral Sentiment Score":0.357,"clean_lemmatized Compound Sentiment Score":0.296,"temp":1,"longitude_x":"153.36936147 ","latitude_x":"-27.95422176"}]