[{"tweetText":"This is not a poll. It\u2019s #Newspoll.\n\nIt\u2019s what #Murdoch wants you to believe.\n\n#auspol #MurdochRoyalCommission https:\/\/t.co\/Bug26We3Om","tweetCreated":1619432144000,"userLocation":"Mudjimba, Qld, Australia","Coordinates":[153.074156864,-26.6064825035],"TweetPlace":"Sunshine Coast, Queensland","cleaned_text":"poll. it\u2019s  it\u2019s  wants believe.  ","clean_lemmatized":"poll. it\u2019s it\u2019s want believe.","clean_lemmatized Positive Sentiment Score":0.245,"clean_lemmatized Negative Sentiment Score":0.0,"clean_lemmatized Neutral Sentiment Score":0.755,"clean_lemmatized Compound Sentiment Score":0.0772,"temp":1,"longitude_x":"153.07415686 ","latitude_x":"-26.6064825 "},{"tweetText":"It\u2019s utter bullshit PVO, we\u2019re talking about a poll done by his media team, your \u2018media\u2019 @newscorpaus is who put ou\u2026 https:\/\/t.co\/Wh1sT1f9Or","tweetCreated":1619430114000,"userLocation":"Melbourne, Australia","Coordinates":[145.053135344,-37.9725665142],"TweetPlace":"Melbourne, Victoria","cleaned_text":"it\u2019s utter bullshit pvo, we\u2019re talking poll done media team, \u2018media\u2019  put ou\u2026","clean_lemmatized":"it\u2019s utter bullshit pvo, we\u2019re talking poll done medium team, \u2018media\u2019 put ou\u2026","clean_lemmatized Positive Sentiment Score":0.0,"clean_lemmatized Negative Sentiment Score":0.254,"clean_lemmatized Neutral Sentiment Score":0.746,"clean_lemmatized Compound Sentiment Score":-0.624,"temp":1,"longitude_x":"145.05313534 ","latitude_x":"-37.97256651"}]