[{"tweetText":"@JoshButler #Morrison failed Australian people in #India. #MichaelSlater et al failed themselves by placing themsel\u2026 https:\/\/t.co\/II0uubS0JL","tweetCreated":1620097364000,"userLocation":"Australia","Coordinates":[145.053135344,-37.9725665142],"TweetPlace":"Melbourne, Victoria","cleaned_text":"  failed australian people   et al failed placing themsel\u2026","clean_lemmatized":"failed australian people et al failed placing themsel\u2026","clean_lemmatized Positive Sentiment Score":0.0,"clean_lemmatized Negative Sentiment Score":0.524,"clean_lemmatized Neutral Sentiment Score":0.476,"clean_lemmatized Compound Sentiment Score":-0.765,"temp":1,"longitude_x":"145.05313534 ","latitude_x":"-37.97256651"},{"tweetText":"@mj_slats The #Australian government is responsible for #Quarantine here, they knew a year ago of the failure in\u2026 https:\/\/t.co\/VwQAGal8jo","tweetCreated":1620096103000,"userLocation":"Australia","Coordinates":[145.053135344,-37.9725665142],"TweetPlace":"Melbourne, Victoria","cleaned_text":"  government responsible  here, knew year ago failure in\u2026","clean_lemmatized":"government responsible here, knew year ago failure in\u2026","clean_lemmatized Positive Sentiment Score":0.198,"clean_lemmatized Negative Sentiment Score":0.284,"clean_lemmatized Neutral Sentiment Score":0.517,"clean_lemmatized Compound Sentiment Score":-0.25,"temp":1,"longitude_x":"145.05313534 ","latitude_x":"-37.97256651"},{"tweetText":"#Morrison #AUS Shame,Shame,Shame.Australians stranded overseas in thousands. Our government don't give a dam about\u2026 https:\/\/t.co\/NUJsQZ9SYp","tweetCreated":1619926131000,"userLocation":"","Coordinates":[115.928318688,-32.1501004198],"TweetPlace":"Perth, Western Australia","cleaned_text":"  shame,shame,shame.australians stranded overseas thousands. government give dam about\u2026","clean_lemmatized":"shame,shame,shame.australians stranded overseas thousands. government give dam about\u2026","clean_lemmatized Positive Sentiment Score":0.0,"clean_lemmatized Negative Sentiment Score":0.0,"clean_lemmatized Neutral Sentiment Score":1.0,"clean_lemmatized Compound Sentiment Score":0.0,"temp":1,"longitude_x":"115.92831869 ","latitude_x":"-32.15010042"},{"tweetText":"Sometimes I feel sorry for #PM #Morrison. He got in the #saddle thinking he'd have a #freeRide in #Govt; allocating\u2026 https:\/\/t.co\/jyvhPTvpg8","tweetCreated":1619914061000,"userLocation":"somewhere in Arnhemland","Coordinates":[130.933308416,-12.4259006505],"TweetPlace":"Darwin, Northern Territory","cleaned_text":"sometimes feel sorry   got  thinking hed   allocating\u2026","clean_lemmatized":"sometimes feel sorry got thinking hed allocating\u2026","clean_lemmatized Positive Sentiment Score":0.0,"clean_lemmatized Negative Sentiment Score":0.178,"clean_lemmatized Neutral Sentiment Score":0.822,"clean_lemmatized Compound Sentiment Score":-0.0772,"temp":1,"longitude_x":"130.93330842 ","latitude_x":"-12.42590065"},{"tweetText":"#Morrison's #ACC speech decries \u2018identity politics\u2019 but \"enjoins his fellow #Pentecostalists to form (church) commu\u2026 https:\/\/t.co\/2f3hvYdnY8","tweetCreated":1619911958000,"userLocation":"West End, Brisbane #4101","Coordinates":[152.993196544,-27.3821429925],"TweetPlace":"Brisbane, Queensland","cleaned_text":"  speech decries \u2018identity politics\u2019 enjoins fellow  form (church) commu\u2026","clean_lemmatized":"speech decries \u2018identity politics\u2019 enjoins fellow form (church) commu\u2026","clean_lemmatized Positive Sentiment Score":0.0,"clean_lemmatized Negative Sentiment Score":0.0,"clean_lemmatized Neutral Sentiment Score":1.0,"clean_lemmatized Compound Sentiment Score":0.0,"temp":1,"longitude_x":"152.99319654 ","latitude_x":"-27.38214299"},{"tweetText":"Jennifer Hewett doesn't get #QUARANTINE is the responsibility of Federal govt. #Morrison duckshoved it onto the sta\u2026 https:\/\/t.co\/lUlVpTWj4O","tweetCreated":1619911598000,"userLocation":"Gold Coast","Coordinates":[153.369361472,-27.9542217577],"TweetPlace":"Gold Coast, Queensland","cleaned_text":"jennifer hewett get  responsibility federal govt.  duckshoved onto sta\u2026","clean_lemmatized":"jennifer hewett get responsibility federal govt. duckshoved onto sta\u2026","clean_lemmatized Positive Sentiment Score":0.0,"clean_lemmatized Negative Sentiment Score":0.0,"clean_lemmatized Neutral Sentiment Score":1.0,"clean_lemmatized Compound Sentiment Score":0.0,"temp":1,"longitude_x":"153.36936147 ","latitude_x":"-27.95422176"},{"tweetText":"If #Morrison truly thinks he's doing God's work then God needs a new recruiter.\n\n#auspol","tweetCreated":1619748881000,"userLocation":"","Coordinates":[145.053135344,-37.9725665142],"TweetPlace":"Melbourne, Victoria","cleaned_text":" truly thinks hes gods work god needs new recruiter. ","clean_lemmatized":"truly think he god work god need new recruiter.","clean_lemmatized Positive Sentiment Score":0.542,"clean_lemmatized Negative Sentiment Score":0.0,"clean_lemmatized Neutral Sentiment Score":0.458,"clean_lemmatized Compound Sentiment Score":0.7269,"temp":1,"longitude_x":"145.05313534 ","latitude_x":"-37.97256651"},{"tweetText":"@AmyRemeikis He can't afford an exorbitant airfare even if he cld get a flight home. His health would not allow him\u2026 https:\/\/t.co\/2SIn8XB8YO","tweetCreated":1619496833000,"userLocation":"Gold Coast","Coordinates":[153.369361472,-27.9542217577],"TweetPlace":"Gold Coast, Queensland","cleaned_text":" cant afford exorbitant airfare even cld get flight home. health would allow him\u2026","clean_lemmatized":"cant afford exorbitant airfare even cld get flight home. health would allow him\u2026","clean_lemmatized Positive Sentiment Score":0.137,"clean_lemmatized Negative Sentiment Score":0.0,"clean_lemmatized Neutral Sentiment Score":0.863,"clean_lemmatized Compound Sentiment Score":0.2263,"temp":1,"longitude_x":"153.36936147 ","latitude_x":"-27.95422176"},{"tweetText":"@7NewsSydney @ChrisReason7 And what about the #HOMELESS PEOPLE IN #QLD could you fund #housingmarket #housing too?\u2026 https:\/\/t.co\/imz9uq1otr","tweetCreated":1619425659000,"userLocation":"Melbourne","Coordinates":[145.053135344,-37.9725665142],"TweetPlace":"Melbourne, Victoria","cleaned_text":"   people  could fund   too?\u2026","clean_lemmatized":"people could fund too?\u2026","clean_lemmatized Positive Sentiment Score":0.0,"clean_lemmatized Negative Sentiment Score":0.0,"clean_lemmatized Neutral Sentiment Score":1.0,"clean_lemmatized Compound Sentiment Score":0.0,"temp":1,"longitude_x":"145.05313534 ","latitude_x":"-37.97256651"}]